task,model,n,f1,ece,brier
conv_go_awry,jev,500,0.5015280262373285,0.3017,0.716542
conv_go_awry,local_decider-0.8b,500,0.3711018711018711,0.41468679999999997,0.8371589364800001
conv_go_awry,local_decider-2b,500,0.36903949192163676,0.44790800000000003,0.89797460496
conv_go_awry,local_laya,500,0.43319838056680166,0.1505266,0.692714439
conv_go_awry,local_nimble-9b,500,0.5327726605259645,0.31662162202460964,0.6936809519911104
conv_go_awry,local_qwen3-base,500,0.41904761904761906,0.13489953910589297,0.532358884607013
conv_go_awry,local_rlcd-0.6b,500,0.3333333333333333,0.2863225561720677,0.6479160488659974
conv_go_awry,local_semif-4b,500,0.46732954545454547,0.3379095658777791,0.7330576093164947
discourse,jev,497,0.5951773720075392,0.09593561368209255,0.5469937625754527
discourse,local_decider-0.8b,497,0.32246122163366364,0.1630917505030181,0.828409551830986
discourse,local_decider-2b,497,0.44783699109822833,0.12821810865191147,0.7110557620724346
discourse,local_laya,497,0.3050882455895456,0.2131549295774648,0.9664611643460764
discourse,local_nimble-9b,497,0.5295921931080878,0.19931324667896974,0.6882955540108527
discourse,local_qwen3-base,497,0.08237050089399083,0.11892721065439463,0.8677439281643162
discourse,local_rlcd-0.6b,497,0.27499459202697907,0.04086219194171695,0.825932664588832
discourse,local_semif-4b,497,0.48848843034147205,0.12965647027930008,0.7059213314035575
emotion,jev,498,0.4835776334910071,0.28124497991967873,0.7520963855421686
emotion,local_decider-0.8b,498,0.6925480150333231,0.042851606425702814,0.4132039139759036
emotion,local_decider-2b,498,0.810019414131005,0.04903092369477911,0.2829792111445783
emotion,local_laya,498,0.4818608820470618,0.2735901606425703,0.8256856621084337
emotion,local_nimble-9b,498,0.5233472599674704,0.2728532299116622,0.7233315417048175
emotion,local_qwen3-base,498,0.2813950246113434,0.09769388498065391,0.7806867004158893
emotion,local_rlcd-0.6b,498,0.4967592523406474,0.08504649139603286,0.6625702384936437
emotion,local_semif-4b,498,0.49016577848261017,0.252827096292927,0.7208633227117264
flute,jev,500,0.8633240643539711,0.03865999999999999,0.1854998
flute,local_decider-0.8b,500,0.37804021190633263,0.07492979999999999,0.68317249684
flute,local_decider-2b,500,0.40185561695253275,0.1016524,0.63165998494
flute,local_laya,500,0.2054536248039636,0.2447622,1.00703122456
flute,local_nimble-9b,500,0.7003672045915226,0.16484940764907594,0.47247477871143023
flute,local_qwen3-base,500,0.2737015654441898,0.044614837899721996,0.7207752772690651
flute,local_rlcd-0.6b,500,0.3012890988052149,0.04156392652049391,0.7149360638737023
flute,local_semif-4b,500,0.7728910203570315,0.09607161753649,0.3364303940991851
ibc,jev,498,0.6325055880298812,0.1241566265060241,0.515755421686747
ibc,local_decider-0.8b,498,0.45026735833998405,0.07948192771084338,0.6426436078915663
ibc,local_decider-2b,498,0.357054254822807,0.25644196787148593,0.7319480309236948
ibc,local_laya,498,0.40587242494177606,0.29999277108433736,0.6931427738353414
ibc,local_nimble-9b,498,0.563432394495573,0.19427326976346923,0.5889031340609641
ibc,local_qwen3-base,498,0.19669263579152918,0.08170466533963112,0.6826995904562911
ibc,local_rlcd-0.6b,498,0.1955489284806735,0.204144763740126,0.7120505397032928
ibc,local_semif-4b,498,0.5599015028763242,0.1414747888002831,0.569195607574822
implicit_hate,jev,498,0.43918966166919665,0.20995983935742973,0.7463748995983935
implicit_hate,local_decider-0.8b,498,0.23330527498852535,0.26952510040160643,0.8862846803012048
implicit_hate,local_decider-2b,498,0.3375438013151631,0.10654156626506024,0.7682784352811245
implicit_hate,local_laya,498,0.22929461616368152,0.1595751004016064,0.9341979425702811
implicit_hate,local_nimble-9b,498,0.4479049001153405,0.20441161527197216,0.7544586080724182
implicit_hate,local_qwen3-base,498,0.17612182765262926,0.02635979978531447,0.8330258721262318
implicit_hate,local_rlcd-0.6b,498,0.2799507796539836,0.027036887822218546,0.802829562230116
implicit_hate,local_semif-4b,498,0.442558834037774,0.15180901457100313,0.7251924137243891
indian_english_dialect,jev,266,0.6400968598563641,0.06278195488721805,0.42545827067669173
indian_english_dialect,local_decider-0.8b,266,0.26494859927373476,0.11285751879699248,0.951596744887218
indian_english_dialect,local_decider-2b,266,0.31309573826796916,0.07638684210526316,0.8556802462406015
indian_english_dialect,local_laya,266,0.04591368227731864,0.5623703007518797,1.13199597037594
indian_english_dialect,local_nimble-9b,266,0.4595137282171642,0.2304541389416027,0.6892250195580073
indian_english_dialect,local_qwen3-base,266,0.02656374162788058,0.2550834921140122,0.8627084710998316
indian_english_dialect,local_rlcd-0.6b,266,0.057120910444248774,0.1809546332804736,0.9362207822038997
media_ideology,jev,498,0.6540251500500361,0.12495983935742971,0.5145835341365462
media_ideology,local_decider-0.8b,498,0.23498057023937682,0.27857068273092367,0.7963224595582329
media_ideology,local_decider-2b,498,0.3247197823891051,0.24265120481927713,0.775669305682731
media_ideology,local_laya,498,0.2899391592099229,0.23471726907630522,0.7570784826104417
media_ideology,local_nimble-9b,498,0.5387720906104067,0.311141292871053,0.7547330600026252
media_ideology,local_qwen3-base,498,0.17370521228040595,0.19864745789030966,0.7592135007404582
media_ideology,local_rlcd-0.6b,498,0.22634498264339276,0.19467931534011215,0.7302732534754001
media_ideology,local_semif-4b,498,0.3634613213681048,0.27059428495628945,0.7668489423900955
mrf,jev,500,0.7955210940439384,0.10773999999999999,0.2984484
mrf,local_decider-0.8b,500,0.648052080154613,0.0817862,0.42494431076
mrf,local_decider-2b,500,0.7161809977998848,0.098318,0.39999973776
mrf,local_laya,500,0.6459550362896087,0.5364888,0.43993449844
mrf,local_nimble-9b,500,0.6806000373719684,0.22239891787459581,0.4956757640830888
mrf,local_qwen3-base,500,0.3421611068669892,0.1926454319413546,0.4860328769299783
mrf,local_rlcd-0.6b,500,0.60248758025917,0.15083689935078418,0.49418557423139026
mrf,local_semif-4b,500,0.7616161616161616,0.12062062364873026,0.3544348496529391
persuasion,jev,434,0.5605322029906982,0.1851152073732719,0.5476294930875576
persuasion,local_decider-0.8b,434,0.5338294244014794,0.12948709677419354,0.5257723011981567
persuasion,local_decider-2b,434,0.5577929367066747,0.11882834101382489,0.5188457751612904
persuasion,local_laya,434,0.502559792160159,0.4428783410138249,0.5270132833179724
persuasion,local_nimble-9b,434,0.5813216900591643,0.26482975639595585,0.6370855691007823
persuasion,local_qwen3-base,434,0.3333333333333333,0.16799190571124473,0.5496642811494791
persuasion,local_rlcd-0.6b,434,0.4459763071895425,0.10962338108497607,0.5253575685133065
persuasion,local_semif-4b,434,0.5872245667389955,0.10257178286357609,0.5044856538253414
raop,jev,399,0.6074342818142632,0.15674185463659146,0.5592796992481203
raop,local_decider-0.8b,399,0.5023773840168066,0.07778095238095238,0.5948757894486215
raop,local_decider-2b,399,0.4831485618315183,0.13435062656641605,0.6429214762656642
raop,local_laya,399,0.3003021319662194,0.19955839598997493,0.7632852584210527
raop,local_nimble-9b,399,0.5893617193103223,0.2108280153675253,0.6063907534965186
raop,local_qwen3-base,399,0.06282213011353396,0.22316662607173568,0.8989352754324077
raop,local_rlcd-0.6b,399,0.39193216504486666,0.11165068836165778,0.7196350279323697
raop,local_semif-4b,399,0.5502821986197945,0.2403852636873344,0.6477616591565424
reddit_humor,jev,500,0.5632694388555486,0.17448,0.538884
reddit_humor,local_decider-0.8b,500,0.586435070306038,0.0709478,0.48088002764
reddit_humor,local_decider-2b,500,0.5538395538395539,0.106489,0.50986021492
reddit_humor,local_laya,500,0.5272561293688054,0.33041,0.58773466452
reddit_humor,local_nimble-9b,500,0.6239939839037425,0.1607809919261737,0.5230157988432819
reddit_humor,local_qwen3-base,500,0.33065595716198126,0.15373125786291392,0.524697751217779
reddit_humor,local_rlcd-0.6b,500,0.4419642857142857,0.08810925345346024,0.5149062381257132
reddit_humor,local_semif-4b,500,0.5140235593937619,0.21657127796297795,0.5717849967373212
semeval_stance,jev,435,0.7340951922992639,0.13841379310344828,0.39516114942528735
semeval_stance,local_decider-0.8b,435,0.5041511285968872,0.1037848275862069,0.6156050124137931
semeval_stance,local_decider-2b,435,0.37622222157913815,0.1961689655172414,0.7059240286896552
semeval_stance,local_laya,435,0.4993638528807631,0.2041871264367816,0.6227656434022989
semeval_stance,local_nimble-9b,435,0.7377963543331353,0.1722720393273915,0.4311255320324332
semeval_stance,local_qwen3-base,435,0.16666666666666666,0.14964035809751564,0.7070035246013984
semeval_stance,local_rlcd-0.6b,435,0.4815518725354791,0.07941181040716021,0.6198112098992979
semeval_stance,local_semif-4b,435,0.5578987214793364,0.2512434401811431,0.6326632745369892
talklife,jev,498,0.2688219322063589,0.5378915662650603,1.159873092369478
talklife,local_decider-0.8b,498,0.35379296078489314,0.20762329317269076,0.7518816296586346
talklife,local_decider-2b,498,0.3235369685606652,0.18171726907630523,0.7097040959036145
talklife,local_laya,498,0.35690450966739756,0.266359437751004,0.7172918527309237
talklife,local_nimble-9b,498,0.26163232701187944,0.5971901579092102,1.216866500016529
talklife,local_qwen3-base,498,0.1693979665479933,0.18512135684852554,0.7367501678639459
talklife,local_rlcd-0.6b,498,0.30741833337035196,0.1219211420005991,0.7052119019688825
talklife,local_semif-4b,498,0.19765020989568502,0.6067115507247853,1.2264182029458293
tempowic,jev,344,0.6825700615174299,0.16991279069767443,0.4290360465116279
tempowic,local_decider-0.8b,344,0.5759722222222222,0.047957848837209306,0.48149475691860466
tempowic,local_decider-2b,344,0.4833740268116276,0.13449302325581394,0.5155762926744186
tempowic,local_laya,344,0.42632330584604045,0.3114267441860465,0.6592922453488372
tempowic,local_nimble-9b,344,0.4750277469478358,0.35292509069709466,0.7304234461075807
tempowic,local_qwen3-base,344,0.4126868839315191,0.07571731120717276,0.512475675321485
tempowic,local_rlcd-0.6b,344,0.4489587884083297,0.13471598846645688,0.5459246614494773
tempowic,local_semif-4b,344,0.5519469535505261,0.1895100597419616,0.5496208041954426
tropes,jev,114,0.1904837852206273,0.12649122807017543,0.8419754385964913
wiki_corpus,jev,500,0.5812557174700115,0.23284,0.6089296
wiki_corpus,local_decider-0.8b,500,0.3913587730581388,0.3262254,0.72745735996
wiki_corpus,local_decider-2b,500,0.4740249231267195,0.227803,0.60737219316
wiki_corpus,local_laya,500,0.5006275300065405,0.24237799999999998,0.62940118348
wiki_corpus,local_nimble-9b,500,0.5145299145299145,0.3302246218433809,0.7268006872556504
wiki_corpus,local_qwen3-base,500,0.4367843953630959,0.08844240948523295,0.513183438414496
wiki_corpus,local_rlcd-0.6b,500,0.3878198830055777,0.2106280230177195,0.5775448501075396
wiki_corpus,local_semif-4b,500,0.5492390093864348,0.2779017705462349,0.6170580220505757
wiki_politeness,jev,498,0.5729639890447467,0.10092369477911647,0.5294210843373494
wiki_politeness,local_decider-0.8b,498,0.501698233238408,0.05786345381526105,0.5815599021084338
wiki_politeness,local_decider-2b,498,0.4292795145273087,0.22640361445783133,0.7080002001004017
wiki_politeness,local_laya,498,0.3078418211818665,0.2766487951807229,0.6925349252811245
wiki_politeness,local_nimble-9b,498,0.5364999276833333,0.136533858700615,0.5597402214780093
wiki_politeness,local_qwen3-base,498,0.22600030931707207,0.10253945169906016,0.6930096496209727
wiki_politeness,local_rlcd-0.6b,498,0.26995955868151195,0.08197482287168092,0.6621463616025812
wiki_politeness,local_semif-4b,498,0.5734836620547542,0.1263735476492023,0.5706736438292694
