task,delta_f1,K,entropy_norm,median_ctx_tokens,family,ziems_finetune_f1
conv_go_awry,-0.1280162308754218,2,1.0,80,conversation,64.6
emotion,-0.1352850837160557,6,1.0,17,utterance,71.6
flute,-0.06200748218551266,4,1.0,28,utterance,99.2
ibc,-0.02055843512427602,3,0.9999999999999998,40,utterance,64.8
indian_english_dialect,0.04193781073740199,23,0.7554949797139568,8,utterance,3.0
media_ideology,-0.17185332150633015,3,0.9999999999999998,882,document,85.1
mrf,-0.04334192340719678,2,1.0,11,utterance,81.6
persuasion,-0.18944605787886715,2,1.0,228,conversation,33.3
raop,-0.11622177982944504,7,1.0,12,utterance,52.0
reddit_humor,-0.13018861934939152,2,0.9999538332662392,20,utterance,73.1
talklife,-0.045138246877413135,3,0.9999999999999998,69,conversation,71.6
tempowic,-0.16626203799918438,2,1.0,46,utterance,62.3
tropes,-0.07137920558973196,114,0.9999999999999998,922,document,
wiki_corpus,-0.12924848421066082,2,1.0,103,conversation,72.7
wiki_politeness,-0.10490327543208855,3,0.9999999999999998,24,conversation,75.8
