task,n,delta_sel_lo,delta_sel_hi,delta_sel_mean
conv_go_awry,500,-0.1792590050828263,-0.09698333356007646,-0.13691404918725406
discourse,497,-0.15835564339881866,-0.08359556346480944,-0.12026951174017284
emotion,498,-0.17339646274205311,-0.09832896196695927,-0.13529563190390664
flute,500,-0.09250594981451926,-0.037351193354556035,-0.0643828482512244
ibc,498,-0.06490159582227963,0.0010869884134176737,-0.03100779192148611
implicit_hate,498,-0.20226974185854518,-0.11478004007597573,-0.15831837531011303
indian_english_dialect,266,-0.043168995808515735,0.09806428623955361,0.027647586788901977
media_ideology,498,-0.21067741299851814,-0.1342161715525741,-0.17223510655880944
mrf,500,-0.07916955112018287,-0.025401887665317355,-0.05033231694237486
persuasion,434,-0.2366138847181973,-0.14519715048003448,-0.19063254787645442
raop,399,-0.16341577872117072,-0.07079608282498416,-0.11643697534989936
reddit_humor,500,-0.181689246326988,-0.08797971076737154,-0.13384467868157643
semeval_stance,435,-0.06179267873747068,0.00579192598461853,-0.027449759593186882
talklife,498,-0.08259573003271657,-0.028756858044356386,-0.0536624808243492
tempowic,344,-0.2247290080444003,-0.12342497660435686,-0.17281570095025206
tropes,113,-0.15466332580463013,-0.014456331331331241,-0.08365920959117458
wiki_corpus,500,-0.1738511584465423,-0.09567343021001931,-0.13416937883218094
wiki_politeness,498,-0.15714331998216965,-0.07090017531706115,-0.11348508076755243
