task,model,bin,n,acc,mean_conf
conv_go_awry,google_gemini-3.8-flash,7,2,0.5,0.5
conv_go_awry,google_gemini-3.8-flash,8,28,0.4642857142857143,0.5500000000000003
conv_go_awry,google_gemini-3.8-flash,9,133,0.518796992481203,0.6447368421052637
conv_go_awry,google_gemini-3.8-flash,10,3,0.3333333333333333,0.6999999999999998
conv_go_awry,google_gemini-3.8-flash,11,183,0.6229508196721312,0.75
conv_go_awry,google_gemini-3.8-flash,12,111,0.6936936936936937,0.8450450450450437
conv_go_awry,google_gemini-3.8-flash,13,3,1.0,0.9
conv_go_awry,google_gemini-3.8-flash,14,37,0.8378378378378378,0.9545945945945946
conv_go_awry,jev,0,8,0.25,0.036250000000000004
conv_go_awry,jev,1,8,0.5,0.1
conv_go_awry,jev,2,6,0.3333333333333333,0.17
conv_go_awry,jev,3,7,0.2857142857142857,0.23285714285714285
conv_go_awry,jev,4,9,0.1111111111111111,0.30111111111111116
conv_go_awry,jev,5,7,0.42857142857142855,0.3571428571428572
conv_go_awry,jev,6,7,0.5714285714285714,0.4357142857142858
conv_go_awry,jev,7,11,0.8181818181818182,0.49727272727272726
conv_go_awry,jev,8,13,0.46153846153846156,0.5707692307692308
conv_go_awry,jev,9,13,0.38461538461538464,0.6253846153846153
conv_go_awry,jev,10,16,0.6875,0.703125
conv_go_awry,jev,11,19,0.631578947368421,0.7705263157894735
conv_go_awry,jev,12,34,0.5588235294117647,0.8226470588235295
conv_go_awry,jev,13,77,0.5324675324675324,0.9070129870129868
conv_go_awry,jev,14,265,0.6226415094339622,0.9722641509433955
conv_go_awry,local_rlcd-0.6b,9,2,0.0,0.6446075831380897
conv_go_awry,local_rlcd-0.6b,10,42,0.23809523809523808,0.712391579909356
conv_go_awry,local_rlcd-0.6b,11,249,0.46184738955823296,0.7730856246821232
conv_go_awry,local_rlcd-0.6b,12,207,0.6038647342995169,0.8186149566073233
discourse,google_gemini-3.8-flash,2,1,0.0,0.15
discourse,google_gemini-3.8-flash,3,6,0.16666666666666666,0.2333333333333333
discourse,google_gemini-3.8-flash,6,1,1.0,0.4
discourse,google_gemini-3.8-flash,9,4,0.25,0.6375
discourse,google_gemini-3.8-flash,11,32,0.40625,0.75
discourse,google_gemini-3.8-flash,12,131,0.5648854961832062,0.8454198473282424
discourse,google_gemini-3.8-flash,13,40,0.65,0.8999999999999992
discourse,google_gemini-3.8-flash,14,282,0.8439716312056738,0.9689007092198556
discourse,jev,2,5,0.2,0.18
discourse,jev,3,8,0.375,0.23249999999999998
discourse,jev,4,21,0.38095238095238093,0.3047619047619047
discourse,jev,5,21,0.2857142857142857,0.36571428571428566
discourse,jev,6,45,0.3333333333333333,0.4313333333333334
discourse,jev,7,45,0.4666666666666667,0.5017777777777778
discourse,jev,8,36,0.4444444444444444,0.5697222222222222
discourse,jev,9,38,0.631578947368421,0.6278947368421054
discourse,jev,10,46,0.6086956521739131,0.7010869565217392
discourse,jev,11,45,0.6666666666666666,0.7646666666666666
discourse,jev,12,36,0.6944444444444444,0.836111111111111
discourse,jev,13,70,0.7571428571428571,0.898428571428571
discourse,jev,14,81,0.8641975308641975,0.9737037037037036
discourse,local_rlcd-0.6b,2,69,0.14492753623188406,0.18651192281902543
discourse,local_rlcd-0.6b,3,235,0.2765957446808511,0.2320064154184528
discourse,local_rlcd-0.6b,4,125,0.296,0.29769239819661425
discourse,local_rlcd-0.6b,5,46,0.45652173913043476,0.3575985625307369
discourse,local_rlcd-0.6b,6,14,0.5,0.4242997319584837
discourse,local_rlcd-0.6b,7,5,0.6,0.5067656771282296
discourse,local_rlcd-0.6b,8,3,0.3333333333333333,0.557567692918003
emotion,google_gemini-3.8-flash,9,9,0.1111111111111111,0.65
emotion,google_gemini-3.8-flash,11,29,0.3793103448275862,0.75
emotion,google_gemini-3.8-flash,12,167,0.46706586826347307,0.8440119760479018
emotion,google_gemini-3.8-flash,13,24,0.625,0.8999999999999998
emotion,google_gemini-3.8-flash,14,269,0.6691449814126395,0.9591078066914458
emotion,jev,2,4,0.0,0.16999999999999998
emotion,jev,3,8,0.25,0.23875
emotion,jev,4,6,0.16666666666666666,0.305
emotion,jev,5,15,0.3333333333333333,0.3693333333333333
emotion,jev,6,33,0.30303030303030304,0.42666666666666675
emotion,jev,7,32,0.3125,0.499375
emotion,jev,8,20,0.25,0.5695
emotion,jev,9,39,0.2564102564102564,0.6307692307692307
emotion,jev,10,35,0.2857142857142857,0.7037142857142858
emotion,jev,11,27,0.4074074074074074,0.7625925925925926
emotion,jev,12,37,0.43243243243243246,0.8291891891891892
emotion,jev,13,52,0.5384615384615384,0.9061538461538459
emotion,jev,14,190,0.7263157894736842,0.9834210526315782
emotion,local_rlcd-0.6b,3,42,0.2857142857142857,0.24736356569104131
emotion,local_rlcd-0.6b,4,129,0.31007751937984496,0.30236337008683845
emotion,local_rlcd-0.6b,5,89,0.449438202247191,0.3645307539028754
emotion,local_rlcd-0.6b,6,73,0.547945205479452,0.431274569614585
emotion,local_rlcd-0.6b,7,58,0.7068965517241379,0.49769628922693754
emotion,local_rlcd-0.6b,8,22,0.5454545454545454,0.5633074248711308
emotion,local_rlcd-0.6b,9,33,0.7272727272727273,0.6333740898926207
emotion,local_rlcd-0.6b,10,17,0.8235294117647058,0.6997431742899884
emotion,local_rlcd-0.6b,11,13,0.8461538461538461,0.7606657598546237
emotion,local_rlcd-0.6b,12,15,0.6666666666666666,0.8321989771325019
emotion,local_rlcd-0.6b,13,5,0.8,0.8896210407617783
emotion,local_rlcd-0.6b,14,2,0.0,0.950871634684163
flute,google_gemini-3.8-flash,6,1,0.0,0.45
flute,google_gemini-3.8-flash,9,2,1.0,0.65
flute,google_gemini-3.8-flash,11,4,0.75,0.75
flute,google_gemini-3.8-flash,12,30,0.6333333333333333,0.8466666666666671
flute,google_gemini-3.8-flash,13,14,0.6428571428571429,0.9000000000000002
flute,google_gemini-3.8-flash,14,449,0.9576837416481069,0.9854120267260557
flute,jev,3,2,0.5,0.22
flute,jev,4,8,0.125,0.31875000000000003
flute,jev,5,17,0.4117647058823529,0.36588235294117644
flute,jev,6,18,0.5555555555555556,0.4283333333333334
flute,jev,7,17,0.5294117647058824,0.5017647058823529
flute,jev,8,14,0.6428571428571429,0.5657142857142856
flute,jev,9,24,0.75,0.6237499999999998
flute,jev,10,26,0.7307692307692307,0.7007692307692307
flute,jev,11,30,0.9,0.7646666666666667
flute,jev,12,43,0.9302325581395349,0.8293023255813954
flute,jev,13,67,0.9104477611940298,0.9088059701492536
flute,jev,14,234,0.9829059829059829,0.9841025641025642
flute,local_rlcd-0.6b,4,118,0.2542372881355932,0.3105559150981223
flute,local_rlcd-0.6b,5,168,0.35119047619047616,0.36758053088770626
flute,local_rlcd-0.6b,6,108,0.42592592592592593,0.42958110927514137
flute,local_rlcd-0.6b,7,55,0.4,0.49124029176945067
flute,local_rlcd-0.6b,8,27,0.5185185185185185,0.5581235892361663
flute,local_rlcd-0.6b,9,16,0.375,0.6252978207947497
flute,local_rlcd-0.6b,10,4,0.5,0.7216535162169517
flute,local_rlcd-0.6b,11,4,0.75,0.7522860333846306
ibc,google_gemini-3.8-flash,7,1,0.0,0.5
ibc,google_gemini-3.8-flash,8,1,1.0,0.55
ibc,google_gemini-3.8-flash,9,8,0.375,0.6437499999999999
ibc,google_gemini-3.8-flash,10,1,0.0,0.7
ibc,google_gemini-3.8-flash,11,49,0.42857142857142855,0.75
ibc,google_gemini-3.8-flash,12,153,0.49673202614379086,0.8431372549019588
ibc,google_gemini-3.8-flash,13,37,0.5675675675675675,0.8999999999999994
ibc,google_gemini-3.8-flash,14,248,0.7782258064516129,0.95713709677419
ibc,jev,1,8,0.25,0.09999999999999999
ibc,jev,2,12,0.5,0.16916666666666666
ibc,jev,3,24,0.3333333333333333,0.24208333333333334
ibc,jev,4,22,0.45454545454545453,0.29727272727272724
ibc,jev,5,29,0.3103448275862069,0.3572413793103447
ibc,jev,6,37,0.5405405405405406,0.4308108108108108
ibc,jev,7,23,0.391304347826087,0.5021739130434782
ibc,jev,8,24,0.5416666666666666,0.5654166666666668
ibc,jev,9,21,0.6190476190476191,0.6266666666666667
ibc,jev,10,28,0.5714285714285714,0.6996428571428572
ibc,jev,11,27,0.7407407407407407,0.7614814814814813
ibc,jev,12,34,0.6764705882352942,0.8299999999999998
ibc,jev,13,72,0.7361111111111112,0.9033333333333332
ibc,jev,14,137,0.8248175182481752,0.977372262773722
ibc,local_rlcd-0.6b,5,14,0.14285714285714285,0.3848476888838514
ibc,local_rlcd-0.6b,6,72,0.18055555555555555,0.4380426684028712
ibc,local_rlcd-0.6b,7,135,0.2814814814814815,0.5020791864170063
ibc,local_rlcd-0.6b,8,149,0.31543624161073824,0.5671125489984582
ibc,local_rlcd-0.6b,9,97,0.5257731958762887,0.6258843423930668
ibc,local_rlcd-0.6b,10,27,0.6666666666666666,0.6937253511002311
ibc,local_rlcd-0.6b,11,4,0.25,0.753831728575572
implicit_hate,google_gemini-3.8-flash,3,1,1.0,0.2
implicit_hate,google_gemini-3.8-flash,6,4,0.25,0.4375
implicit_hate,google_gemini-3.8-flash,9,6,0.16666666666666666,0.65
implicit_hate,google_gemini-3.8-flash,11,52,0.28846153846153844,0.75
implicit_hate,google_gemini-3.8-flash,12,199,0.5477386934673367,0.8472361809045196
implicit_hate,google_gemini-3.8-flash,13,46,0.6086956521739131,0.8999999999999992
implicit_hate,google_gemini-3.8-flash,14,166,0.7469879518072289,0.9528915662650598
implicit_hate,jev,1,4,0.75,0.11499999999999999
implicit_hate,jev,2,7,0.2857142857142857,0.16714285714285718
implicit_hate,jev,3,18,0.1111111111111111,0.23555555555555557
implicit_hate,jev,4,24,0.375,0.30083333333333334
implicit_hate,jev,5,40,0.3,0.3657499999999999
implicit_hate,jev,6,60,0.16666666666666666,0.43183333333333346
implicit_hate,jev,7,45,0.24444444444444444,0.4953333333333333
implicit_hate,jev,8,37,0.3783783783783784,0.5645945945945947
implicit_hate,jev,9,29,0.4827586206896552,0.6337931034482761
implicit_hate,jev,10,42,0.6666666666666666,0.7023809523809527
implicit_hate,jev,11,35,0.37142857142857144,0.7668571428571427
implicit_hate,jev,12,47,0.5106382978723404,0.8302127659574469
implicit_hate,jev,13,49,0.5918367346938775,0.9018367346938778
implicit_hate,jev,14,61,0.8032786885245902,0.9757377049180325
implicit_hate,local_rlcd-0.6b,2,3,0.0,0.1955808141429128
implicit_hate,local_rlcd-0.6b,3,183,0.24043715846994534,0.2398126674956381
implicit_hate,local_rlcd-0.6b,4,180,0.2833333333333333,0.2975483055700797
implicit_hate,local_rlcd-0.6b,5,77,0.3246753246753247,0.35992371225087183
implicit_hate,local_rlcd-0.6b,6,25,0.24,0.42575947305651246
implicit_hate,local_rlcd-0.6b,7,13,0.38461538461538464,0.49075328484202213
implicit_hate,local_rlcd-0.6b,8,7,0.5714285714285714,0.5668912842204655
implicit_hate,local_rlcd-0.6b,9,7,0.7142857142857143,0.6253701690204514
implicit_hate,local_rlcd-0.6b,10,2,1.0,0.7204391514904247
implicit_hate,local_rlcd-0.6b,11,1,1.0,0.7465460548854408
indian_english_dialect,google_gemini-3.8-flash,1,1,0.0,0.1
indian_english_dialect,google_gemini-3.8-flash,3,6,0.0,0.24166666666666667
indian_english_dialect,google_gemini-3.8-flash,5,5,0.0,0.35
indian_english_dialect,google_gemini-3.8-flash,6,10,0.0,0.42000000000000004
indian_english_dialect,google_gemini-3.8-flash,9,10,0.0,0.6500000000000001
indian_english_dialect,google_gemini-3.8-flash,11,5,0.0,0.75
indian_english_dialect,google_gemini-3.8-flash,12,31,0.12903225806451613,0.848387096774194
indian_english_dialect,google_gemini-3.8-flash,13,10,0.1,0.9000000000000001
indian_english_dialect,google_gemini-3.8-flash,14,186,0.6344086021505376,0.9787634408602136
indian_english_dialect,jev,3,1,0.0,0.23
indian_english_dialect,jev,4,14,0.35714285714285715,0.3071428571428571
indian_english_dialect,jev,5,17,0.35294117647058826,0.3652941176470588
indian_english_dialect,jev,6,20,0.35,0.42250000000000015
indian_english_dialect,jev,7,16,0.5625,0.49812500000000004
indian_english_dialect,jev,8,20,0.85,0.5615000000000002
indian_english_dialect,jev,9,22,0.5909090909090909,0.6340909090909091
indian_english_dialect,jev,10,23,0.6956521739130435,0.7065217391304348
indian_english_dialect,jev,11,21,0.7142857142857143,0.7638095238095237
indian_english_dialect,jev,12,17,0.8235294117647058,0.8258823529411765
indian_english_dialect,jev,13,46,0.8260869565217391,0.9034782608695654
indian_english_dialect,jev,14,49,1.0,0.9699999999999999
indian_english_dialect,local_rlcd-0.6b,1,12,0.0,0.10873787614072743
indian_english_dialect,local_rlcd-0.6b,2,7,0.0,0.17121046662739098
indian_english_dialect,local_rlcd-0.6b,3,63,0.1746031746031746,0.23894996430512852
indian_english_dialect,local_rlcd-0.6b,4,111,0.13513513513513514,0.297905238006522
indian_english_dialect,local_rlcd-0.6b,5,44,0.1590909090909091,0.3574215576332478
indian_english_dialect,local_rlcd-0.6b,6,7,0.0,0.4199303415089564
indian_english_dialect,local_rlcd-0.6b,7,4,0.0,0.513901645980724
indian_english_dialect,local_rlcd-0.6b,8,3,0.6666666666666666,0.5471627895700736
indian_english_dialect,local_rlcd-0.6b,9,1,1.0,0.6561586253385392
indian_english_dialect,local_rlcd-0.6b,10,3,0.3333333333333333,0.6897450464151742
indian_english_dialect,local_rlcd-0.6b,11,7,0.14285714285714285,0.7711672124916984
indian_english_dialect,local_rlcd-0.6b,13,4,0.0,0.9044623398978291
media_ideology,google_gemini-3.8-flash,11,15,0.6,0.75
media_ideology,google_gemini-3.8-flash,12,81,0.6790123456790124,0.8419753086419756
media_ideology,google_gemini-3.8-flash,13,48,0.5833333333333334,0.8999999999999991
media_ideology,google_gemini-3.8-flash,14,354,0.9011299435028248,0.9644350282485844
media_ideology,jev,1,2,0.5,0.11
media_ideology,jev,2,4,0.25,0.17250000000000001
media_ideology,jev,3,9,0.5555555555555556,0.2488888888888889
media_ideology,jev,4,32,0.375,0.29843749999999997
media_ideology,jev,5,25,0.64,0.3568
media_ideology,jev,6,32,0.40625,0.4315625000000002
media_ideology,jev,7,29,0.5172413793103449,0.49862068965517237
media_ideology,jev,8,27,0.48148148148148145,0.5637037037037038
media_ideology,jev,9,32,0.59375,0.63
media_ideology,jev,10,40,0.5,0.7035
media_ideology,jev,11,32,0.5625,0.768125
media_ideology,jev,12,47,0.723404255319149,0.8331914893617022
media_ideology,jev,13,50,0.68,0.9021999999999997
media_ideology,jev,14,137,0.8905109489051095,0.986350364963503
media_ideology,local_rlcd-0.6b,5,32,0.21875,0.38302895599587916
media_ideology,local_rlcd-0.6b,6,57,0.22807017543859648,0.4340589096573651
media_ideology,local_rlcd-0.6b,7,107,0.37383177570093457,0.5018840498667467
media_ideology,local_rlcd-0.6b,8,124,0.3629032258064516,0.5661504557170545
media_ideology,local_rlcd-0.6b,9,143,0.44755244755244755,0.6300402150058029
media_ideology,local_rlcd-0.6b,10,35,0.2571428571428571,0.6843432573300424
mrf,google_gemini-3.8-flash,11,3,1.0,0.75
mrf,google_gemini-3.8-flash,12,25,0.56,0.8480000000000003
mrf,google_gemini-3.8-flash,13,4,0.5,0.9
mrf,google_gemini-3.8-flash,14,468,0.8418803418803419,0.9732905982905944
mrf,jev,0,12,0.3333333333333333,0.034999999999999996
mrf,jev,1,5,0.6,0.10200000000000001
mrf,jev,2,14,0.42857142857142855,0.16214285714285714
mrf,jev,3,9,0.3333333333333333,0.25
mrf,jev,4,19,0.6842105263157895,0.29736842105263156
mrf,jev,5,9,0.6666666666666666,0.3777777777777778
mrf,jev,6,14,0.5714285714285714,0.4357142857142858
mrf,jev,7,13,0.6923076923076923,0.5038461538461538
mrf,jev,8,13,0.7692307692307693,0.5646153846153846
mrf,jev,9,22,0.7727272727272727,0.630909090909091
mrf,jev,10,22,0.7727272727272727,0.7077272727272729
mrf,jev,11,19,0.7368421052631579,0.764736842105263
mrf,jev,12,42,0.8095238095238095,0.8338095238095237
mrf,jev,13,64,0.796875,0.9037499999999999
mrf,jev,14,223,0.9192825112107623,0.9794618834080709
mrf,local_rlcd-0.6b,7,21,0.3333333333333333,0.5130123516570728
mrf,local_rlcd-0.6b,8,53,0.5283018867924528,0.5680612114315553
mrf,local_rlcd-0.6b,9,56,0.48214285714285715,0.6352879644572759
mrf,local_rlcd-0.6b,10,61,0.6885245901639344,0.7049083098536479
mrf,local_rlcd-0.6b,11,114,0.4649122807017544,0.7694941954936204
mrf,local_rlcd-0.6b,12,125,0.648,0.8303093519936703
mrf,local_rlcd-0.6b,13,69,0.927536231884058,0.8929625853995986
mrf,local_rlcd-0.6b,14,1,1.0,0.9341757188680025
persuasion,google_gemini-3.8-flash,9,4,0.5,0.65
persuasion,google_gemini-3.8-flash,11,17,0.6470588235294118,0.75
persuasion,google_gemini-3.8-flash,12,97,0.6391752577319587,0.8463917525773189
persuasion,google_gemini-3.8-flash,13,25,0.68,0.8999999999999997
persuasion,google_gemini-3.8-flash,14,291,0.7800687285223368,0.9657388316151179
persuasion,jev,0,24,0.2916666666666667,0.03458333333333335
persuasion,jev,1,29,0.5517241379310345,0.09551724137931035
persuasion,jev,2,13,0.5384615384615384,0.16615384615384612
persuasion,jev,3,18,0.7222222222222222,0.23888888888888887
persuasion,jev,4,27,0.5185185185185185,0.29666666666666663
persuasion,jev,5,10,0.6,0.375
persuasion,jev,6,23,0.43478260869565216,0.4269565217391305
persuasion,jev,7,21,0.5714285714285714,0.4961904761904762
persuasion,jev,8,23,0.4782608695652174,0.5700000000000002
persuasion,jev,9,28,0.6071428571428571,0.6339285714285713
persuasion,jev,10,43,0.6976744186046512,0.6941860465116282
persuasion,jev,11,33,0.696969696969697,0.7645454545454545
persuasion,jev,12,39,0.6666666666666666,0.8292307692307691
persuasion,jev,13,54,0.6481481481481481,0.9016666666666667
persuasion,jev,14,49,0.7142857142857143,0.9618367346938774
persuasion,local_rlcd-0.6b,7,28,0.42857142857142855,0.5197741942090132
persuasion,local_rlcd-0.6b,8,68,0.5441176470588235,0.5697652329122702
persuasion,local_rlcd-0.6b,9,144,0.5277777777777778,0.6410351861622581
persuasion,local_rlcd-0.6b,10,174,0.5689655172413793,0.6952427630264468
persuasion,local_rlcd-0.6b,11,20,0.5,0.7498763270512989
raop,google_gemini-3.8-flash,10,1,1.0,0.7
raop,google_gemini-3.8-flash,11,11,0.09090909090909091,0.75
raop,google_gemini-3.8-flash,12,88,0.5113636363636364,0.8454545454545453
raop,google_gemini-3.8-flash,13,42,0.8095238095238095,0.8999999999999992
raop,google_gemini-3.8-flash,14,256,0.81640625,0.967070312499996
raop,jev,2,1,0.0,0.16
raop,jev,3,4,0.25,0.245
raop,jev,4,9,0.3333333333333333,0.29888888888888887
raop,jev,5,11,0.45454545454545453,0.36727272727272725
raop,jev,6,25,0.32,0.43760000000000004
raop,jev,7,23,0.43478260869565216,0.5039130434782608
raop,jev,8,22,0.45454545454545453,0.5668181818181819
raop,jev,9,18,0.2777777777777778,0.6316666666666667
raop,jev,10,34,0.5,0.6976470588235295
raop,jev,11,24,0.6666666666666666,0.7670833333333333
raop,jev,12,36,0.6944444444444444,0.8344444444444444
raop,jev,13,48,0.5625,0.9035416666666664
raop,jev,14,144,0.8611111111111112,0.9804166666666662
raop,local_rlcd-0.6b,3,5,0.6,0.2596884974224621
raop,local_rlcd-0.6b,4,55,0.23636363636363636,0.3044241416293112
raop,local_rlcd-0.6b,5,127,0.2755905511811024,0.369943615759894
raop,local_rlcd-0.6b,6,88,0.2727272727272727,0.42624121259423936
raop,local_rlcd-0.6b,7,47,0.425531914893617,0.49299386462859535
raop,local_rlcd-0.6b,8,15,0.5333333333333333,0.5637002875013374
raop,local_rlcd-0.6b,9,9,0.5555555555555556,0.6314149513404976
raop,local_rlcd-0.6b,10,17,0.8823529411764706,0.6993045666851206
raop,local_rlcd-0.6b,11,17,1.0,0.7635546416981845
raop,local_rlcd-0.6b,12,18,0.9444444444444444,0.8273797431091922
raop,local_rlcd-0.6b,14,1,1.0,0.935835149644848
reddit_humor,google_gemini-3.8-flash,8,2,0.5,0.55
reddit_humor,google_gemini-3.8-flash,9,91,0.5384615384615384,0.6434065934065927
reddit_humor,google_gemini-3.8-flash,10,1,0.0,0.7
reddit_humor,google_gemini-3.8-flash,11,227,0.6079295154185022,0.75
reddit_humor,google_gemini-3.8-flash,12,137,0.8102189781021898,0.8441605839416038
reddit_humor,google_gemini-3.8-flash,13,4,1.0,0.9
reddit_humor,google_gemini-3.8-flash,14,38,0.9473684210526315,0.9510526315789474
reddit_humor,jev,0,18,0.3888888888888889,0.035
reddit_humor,jev,1,25,0.48,0.09200000000000001
reddit_humor,jev,2,26,0.5384615384615384,0.1630769230769231
reddit_humor,jev,3,27,0.48148148148148145,0.23370370370370372
reddit_humor,jev,4,33,0.5454545454545454,0.2993939393939395
reddit_humor,jev,5,29,0.3793103448275862,0.3693103448275861
reddit_humor,jev,6,36,0.5277777777777778,0.43166666666666675
reddit_humor,jev,7,31,0.5161290322580645,0.5009677419354839
reddit_humor,jev,8,19,0.7368421052631579,0.5642105263157896
reddit_humor,jev,9,25,0.64,0.6288
reddit_humor,jev,10,35,0.6,0.7022857142857143
reddit_humor,jev,11,38,0.631578947368421,0.7665789473684209
reddit_humor,jev,12,37,0.5945945945945946,0.8329729729729728
reddit_humor,jev,13,55,0.7272727272727273,0.9032727272727272
reddit_humor,jev,14,66,0.7878787878787878,0.9637878787878786
reddit_humor,local_rlcd-0.6b,7,92,0.5,0.5186217278299469
reddit_humor,local_rlcd-0.6b,8,171,0.4678362573099415,0.5690703530568205
reddit_humor,local_rlcd-0.6b,9,185,0.5351351351351351,0.6319903443661692
reddit_humor,local_rlcd-0.6b,10,50,0.56,0.6852328203832507
reddit_humor,local_rlcd-0.6b,11,1,0.0,0.7500322945411162
reddit_humor,local_rlcd-0.6b,13,1,1.0,0.8994896277861353
semeval_stance,google_gemini-3.8-flash,9,4,0.5,0.65
semeval_stance,google_gemini-3.8-flash,11,16,0.3125,0.75
semeval_stance,google_gemini-3.8-flash,12,49,0.5918367346938775,0.8428571428571434
semeval_stance,google_gemini-3.8-flash,13,13,0.6153846153846154,0.9000000000000002
semeval_stance,google_gemini-3.8-flash,14,353,0.8158640226628895,0.9799716713880994
semeval_stance,jev,0,2,1.0,0.045
semeval_stance,jev,1,5,0.2,0.10599999999999998
semeval_stance,jev,2,3,0.3333333333333333,0.17
semeval_stance,jev,3,25,0.44,0.2412
semeval_stance,jev,4,27,0.4444444444444444,0.292962962962963
semeval_stance,jev,5,11,0.7272727272727273,0.3718181818181819
semeval_stance,jev,6,22,0.5,0.4318181818181819
semeval_stance,jev,7,20,0.65,0.496
semeval_stance,jev,8,16,0.8125,0.561875
semeval_stance,jev,9,16,0.5625,0.6256249999999999
semeval_stance,jev,10,19,0.9473684210526315,0.6942105263157895
semeval_stance,jev,11,22,0.5454545454545454,0.7645454545454545
semeval_stance,jev,12,37,0.8108108108108109,0.8294594594594595
semeval_stance,jev,13,31,0.8709677419354839,0.8987096774193548
semeval_stance,jev,14,179,0.8547486033519553,0.986536312849162
semeval_stance,local_rlcd-0.6b,5,51,0.43137254901960786,0.3746579143056986
semeval_stance,local_rlcd-0.6b,6,92,0.4782608695652174,0.43464276452113043
semeval_stance,local_rlcd-0.6b,7,77,0.5454545454545454,0.5010190750615755
semeval_stance,local_rlcd-0.6b,8,74,0.47297297297297297,0.5642020884559902
semeval_stance,local_rlcd-0.6b,9,83,0.4819277108433735,0.6322993013918777
semeval_stance,local_rlcd-0.6b,10,43,0.6046511627906976,0.7018680202306848
semeval_stance,local_rlcd-0.6b,11,10,0.7,0.7644618829612181
semeval_stance,local_rlcd-0.6b,12,5,0.8,0.8321108023179773
talklife,google_gemini-3.8-flash,11,2,0.0,0.75
talklife,google_gemini-3.8-flash,12,17,0.35294117647058826,0.8499999999999998
talklife,google_gemini-3.8-flash,13,9,0.2222222222222222,0.9000000000000001
talklife,google_gemini-3.8-flash,14,470,0.3723404255319149,0.9928297872340416
talklife,jev,2,3,0.0,0.17666666666666667
talklife,jev,3,6,0.3333333333333333,0.25
talklife,jev,4,7,0.14285714285714285,0.2857142857142857
talklife,jev,5,7,0.42857142857142855,0.35714285714285715
talklife,jev,6,6,0.5,0.43
talklife,jev,7,9,0.4444444444444444,0.5066666666666666
talklife,jev,8,7,0.2857142857142857,0.5757142857142857
talklife,jev,9,16,0.3125,0.63375
talklife,jev,10,13,0.23076923076923078,0.7053846153846154
talklife,jev,11,7,0.14285714285714285,0.7671428571428571
talklife,jev,12,15,0.5333333333333333,0.8386666666666667
talklife,jev,13,37,0.21621621621621623,0.9035135135135135
talklife,jev,14,365,0.3972602739726027,0.9907945205479463
talklife,local_rlcd-0.6b,5,89,0.42696629213483145,0.3803643226333379
talklife,local_rlcd-0.6b,6,215,0.3302325581395349,0.43195746693134035
talklife,local_rlcd-0.6b,7,127,0.3779527559055118,0.4938556336581783
talklife,local_rlcd-0.6b,8,40,0.35,0.5588502038271641
talklife,local_rlcd-0.6b,9,16,0.25,0.6282481465484238
talklife,local_rlcd-0.6b,10,8,0.25,0.6962711185581454
talklife,local_rlcd-0.6b,11,1,1.0,0.7516616098830344
talklife,local_rlcd-0.6b,13,2,0.0,0.8770733646975691
tempowic,google_gemini-3.8-flash,11,1,1.0,0.75
tempowic,google_gemini-3.8-flash,12,40,0.6,0.8487500000000006
tempowic,google_gemini-3.8-flash,13,6,0.6666666666666666,0.9
tempowic,google_gemini-3.8-flash,14,297,0.8855218855218855,0.9804377104377083
tempowic,jev,0,15,0.6,0.03066666666666667
tempowic,jev,1,23,0.6086956521739131,0.10608695652173916
tempowic,jev,2,11,0.6363636363636364,0.15818181818181823
tempowic,jev,3,21,0.47619047619047616,0.23523809523809522
tempowic,jev,4,22,0.5454545454545454,0.3018181818181818
tempowic,jev,5,19,0.5789473684210527,0.361578947368421
tempowic,jev,6,14,0.5,0.42714285714285716
tempowic,jev,7,26,0.6538461538461539,0.49730769230769223
tempowic,jev,8,10,0.7,0.576
tempowic,jev,9,22,0.5909090909090909,0.6322727272727273
tempowic,jev,10,16,0.6875,0.69625
tempowic,jev,11,18,0.5,0.7633333333333332
tempowic,jev,12,39,0.7692307692307693,0.8353846153846154
tempowic,jev,13,38,0.8421052631578947,0.9039473684210525
tempowic,jev,14,50,0.94,0.9697999999999997
tempowic,local_rlcd-0.6b,7,36,0.4722222222222222,0.5207612049354622
tempowic,local_rlcd-0.6b,8,88,0.5227272727272727,0.5686469450300271
tempowic,local_rlcd-0.6b,9,123,0.4796747967479675,0.632490694632873
tempowic,local_rlcd-0.6b,10,88,0.4772727272727273,0.692484873500145
tempowic,local_rlcd-0.6b,11,9,0.4444444444444444,0.757660131587339
tropes,google_gemini-3.8-flash,12,12,0.08333333333333333,0.8499999999999998
tropes,google_gemini-3.8-flash,13,12,0.08333333333333333,0.9000000000000002
tropes,google_gemini-3.8-flash,14,81,0.4074074074074074,0.9679012345679022
tropes,jev,0,1,0.0,0.06
tropes,jev,1,15,0.06666666666666667,0.11200000000000002
tropes,jev,2,25,0.16,0.16080000000000003
tropes,jev,3,20,0.1,0.22450000000000006
tropes,jev,4,18,0.1111111111111111,0.30333333333333334
tropes,jev,5,12,0.6666666666666666,0.3575
tropes,jev,6,7,0.2857142857142857,0.43000000000000005
tropes,jev,7,5,0.6,0.502
tropes,jev,8,6,0.3333333333333333,0.5650000000000001
tropes,jev,10,2,1.0,0.73
tropes,jev,11,1,1.0,0.79
tropes,jev,12,2,1.0,0.8200000000000001
wiki_corpus,google_gemini-3.8-flash,7,1,0.0,0.5
wiki_corpus,google_gemini-3.8-flash,9,21,0.47619047619047616,0.6452380952380954
wiki_corpus,google_gemini-3.8-flash,10,1,1.0,0.7
wiki_corpus,google_gemini-3.8-flash,11,66,0.5303030303030303,0.75
wiki_corpus,google_gemini-3.8-flash,12,160,0.6,0.8446874999999977
wiki_corpus,google_gemini-3.8-flash,13,55,0.6545454545454545,0.8999999999999991
wiki_corpus,google_gemini-3.8-flash,14,196,0.8367346938775511,0.9509693877551
wiki_corpus,jev,0,17,0.29411764705882354,0.025882352941176474
wiki_corpus,jev,1,15,0.5333333333333333,0.08666666666666668
wiki_corpus,jev,2,8,0.5,0.16749999999999998
wiki_corpus,jev,3,12,0.6666666666666666,0.22833333333333336
wiki_corpus,jev,4,14,0.5,0.305
wiki_corpus,jev,5,17,0.35294117647058826,0.36235294117647054
wiki_corpus,jev,6,18,0.8333333333333334,0.4366666666666667
wiki_corpus,jev,7,22,0.5,0.513181818181818
wiki_corpus,jev,8,20,0.65,0.563
wiki_corpus,jev,9,37,0.6486486486486487,0.6267567567567568
wiki_corpus,jev,10,22,0.6363636363636364,0.6940909090909091
wiki_corpus,jev,11,25,0.72,0.7664000000000002
wiki_corpus,jev,12,45,0.5555555555555556,0.8251111111111111
wiki_corpus,jev,13,76,0.6052631578947368,0.9034210526315787
wiki_corpus,jev,14,152,0.6644736842105263,0.9746710526315784
wiki_corpus,local_rlcd-0.6b,7,11,0.18181818181818182,0.5156439289185247
wiki_corpus,local_rlcd-0.6b,8,29,0.6551724137931034,0.5682812103498786
wiki_corpus,local_rlcd-0.6b,9,57,0.42105263157894735,0.6388514348072938
wiki_corpus,local_rlcd-0.6b,10,165,0.49696969696969695,0.7053983561741421
wiki_corpus,local_rlcd-0.6b,11,213,0.5352112676056338,0.7603212870713639
wiki_corpus,local_rlcd-0.6b,12,25,0.64,0.8147355476781089
wiki_politeness,google_gemini-3.8-flash,9,2,0.0,0.65
wiki_politeness,google_gemini-3.8-flash,11,31,0.4838709677419355,0.75
wiki_politeness,google_gemini-3.8-flash,12,131,0.5267175572519084,0.8484732824427462
wiki_politeness,google_gemini-3.8-flash,13,57,0.5789473684210527,0.899999999999999
wiki_politeness,google_gemini-3.8-flash,14,277,0.7833935018050542,0.9541516245487318
wiki_politeness,jev,0,2,0.0,0.04
wiki_politeness,jev,1,8,0.25,0.0975
wiki_politeness,jev,2,19,0.21052631578947367,0.16578947368421054
wiki_politeness,jev,3,32,0.46875,0.23156250000000006
wiki_politeness,jev,4,33,0.45454545454545453,0.29515151515151516
wiki_politeness,jev,5,31,0.3548387096774194,0.36774193548387085
wiki_politeness,jev,6,29,0.5862068965517241,0.4265517241379311
wiki_politeness,jev,7,41,0.5121951219512195,0.49707317073170737
wiki_politeness,jev,8,32,0.625,0.5678125000000002
wiki_politeness,jev,9,29,0.5172413793103449,0.6258620689655174
wiki_politeness,jev,10,28,0.5714285714285714,0.6946428571428571
wiki_politeness,jev,11,40,0.65,0.7669999999999999
wiki_politeness,jev,12,54,0.6666666666666666,0.8303703703703705
wiki_politeness,jev,13,52,0.8076923076923077,0.9011538461538459
wiki_politeness,jev,14,68,0.9264705882352942,0.9676470588235292
wiki_politeness,local_rlcd-0.6b,5,60,0.3,0.37932915095051045
wiki_politeness,local_rlcd-0.6b,6,273,0.3992673992673993,0.43196558699529547
wiki_politeness,local_rlcd-0.6b,7,131,0.366412213740458,0.49406339487096645
wiki_politeness,local_rlcd-0.6b,8,30,0.3,0.5599735266218484
wiki_politeness,local_rlcd-0.6b,9,3,0.0,0.62016261891237
wiki_politeness,local_rlcd-0.6b,11,1,0.0,0.7551090998615734
